contrast,energy,homogeneity,correlation,area,perimeter,circularity,label
32.577828248416495,0.5764585866247216,0.7847675045636151,0.9876626015047442,193007.0,1661.0478929281235,0.879060195055309,0
113.91328242508388,0.44401517501247945,0.6376583003193486,0.9675172982596382,16520.0,619.6122587919235,0.5407293012865368,0
84.43255295429209,0.7643977459726616,0.8486290469526626,0.9623084789832008,14293.0,450.61731255054474,0.8845400701089107,0
63.76323241992742,0.6200305385892189,0.782914754188258,0.9875099387060319,18473.0,707.8965294361115,0.46324178667164745,0
148.456442108616,0.6845000247484956,0.8053968611601718,0.9629437873879833,19625.0,528.9015834331512,0.8815963734769635,0
319.5718735579141,0.7122581449663459,0.7670416296081455,0.9638167219612503,9488.5,983.8447933197021,0.12318398311382243,0
160.65164482215175,0.32264515881179895,0.5184250299786222,0.9823388903823007,34518.0,718.8427082300186,0.8394362988154472,0
174.4225267819738,0.46376188436287974,0.6876305391349667,0.9662115762154907,30713.5,659.5706286430359,0.8871898371341361,0
177.24591863176988,0.5695122555556604,0.7287064624513675,0.9632771189036232,24991.0,632.1564158201218,0.7858585788887558,0
132.15306532663314,0.738158306984038,0.7939225946465989,0.9672672791227506,13878.5,518.0315244197845,0.6498902407757278,0
34.37906982612865,0.558639359330176,0.8106282785047801,0.9860486344698364,185582.5,1634.9473892450333,0.872447536413325,0
543.5864924880468,0.43305425368609163,0.5930819332941164,0.9517353876761303,49794.0,902.0,0.7690840487158379,0
118.76908730158729,0.6005945947448323,0.7283252396835783,0.9820721029146902,18165.5,529.9726490974426,0.8127375138411321,0
346.4478005513604,0.4682785570343515,0.6322284587783761,0.9636489947872146,31095.0,667.9554063081741,0.8758011004897296,0
576.2943067033976,0.38622422446897353,0.612917310865703,0.9382863051921821,39362.5,751.3107440471649,0.8763010634224011,0
292.1316998162793,0.4865398786092541,0.6731445954980595,0.9665338651541591,32167.0,674.3574259281158,0.8888738598270999,0
317.7112135176651,0.5741246051108716,0.6819503424477916,0.9723903700083906,21021.5,1714.0844696760178,0.08991023360258081,0
288.2055116854112,0.4076705052343337,0.6262407706447929,0.9502216217813433,28739.0,1146.0285614728928,0.2749733684115424,0
174.4225267819738,0.46376188436287974,0.6876305391349667,0.9662115762154907,30713.5,659.5706286430359,0.8871898371341361,0
376.99697211155376,0.48968931524616954,0.6488000051282887,0.95157601201093,37592.5,730.8843379020691,0.8843287846745606,0
210.24386931863575,0.5147164589151612,0.7283530912887515,0.9616673842827195,26048.0,608.0142806768417,0.8854350051264616,0
103.18345238095239,0.4777599740674439,0.6607057521643597,0.9675248148295132,29633.0,657.3868628740311,0.8616749014052203,0
430.13245099213486,0.23122650585536814,0.518546981949268,0.9471426250971605,36503.5,856.8498458862305,0.6247912305676279,0
325.4639865996651,0.37663753422804214,0.6334499067888104,0.9530039946111305,36594.5,723.6538909673691,0.8781402394972209,0
114.83621031746031,0.670857071282049,0.774559186741371,0.9742187372501441,18978.0,521.4457386732101,0.8770857618035346,0
189.77852362401364,0.5508449805759243,0.746623426055316,0.9633582312200529,17405.0,631.9554046392441,0.5476600060249948,0
244.1542607280862,0.3861735161326501,0.643383762437266,0.9326979062483919,23708.5,584.8010782003403,0.8711593704986238,0
128.85757936507935,0.5798872566987003,0.7085146183092808,0.9652082034425228,23588.0,582.2152901887894,0.8744475587919243,0
54.607770048039555,0.504045421023559,0.6812975523568431,0.9839082213068057,24593.0,782.9848431348801,0.5040976391496982,0
243.39551587301585,0.7087164774537573,0.7764516759020703,0.9586965403684704,19101.5,521.8305144309998,0.8814920390067628,0
96.30063745019919,0.3955181427399865,0.6406098001634808,0.967968479741179,27077.0,645.1858550310135,0.8174114825861039,0
240.8372619047619,0.544952259458398,0.6885918341762669,0.9621196823645707,24580.0,598.0731562376022,0.8635413184765959,0
112.16519999999997,0.3341059637300717,0.62233544031539,0.9741493642972191,32261.5,1439.1483985185623,0.19574165799086113,0
134.34424603174602,0.5457561690680535,0.7103804870748074,0.9778827798098909,24019.5,588.4579310417175,0.8716517084567204,0
134.34424603174602,0.5457561690680535,0.7103804870748074,0.9778827798098909,24019.5,588.4579310417175,0.8716517084567204,0
148.456442108616,0.6845000247484956,0.8053968611601718,0.9629437873879833,19625.0,528.9015834331512,0.8815963734769635,0
154.81223527531364,0.7183838527308175,0.800713126651925,0.9885886215946912,13821.5,443.0609633922577,0.8847856433953276,0
160.31170300287948,0.5083713452041325,0.7079981482112078,0.9784360276720676,106390.5,1231.6437871456146,0.8813379540751584,0
204.19461579604203,0.5255938169485878,0.680941767650495,0.9847361685718099,91360.0,1139.0579990148544,0.8848594196587372,0
67.87498382038133,0.56819604068612,0.7105051347792324,0.9923859485293091,88507.5,1171.9280568361282,0.8098191349254428,0
39.42642857142857,0.5258617811130715,0.7548152171349977,0.9807283077819428,23770.0,584.7005718946457,0.873719459648213,0
34.62379690614985,0.6148817427160292,0.8177799505785361,0.9895878368739904,161625.5,1522.3199700117111,0.8764110736389461,0
67.1815873015873,0.5486863551330659,0.7238194044890937,0.9693891958692324,24614.0,590.5584363937378,0.886882946920873,0
168.4468253968254,0.583467542060348,0.7613850208327104,0.9514932529944241,23309.0,573.528998374939,0.8904770752469374,0
89.32396555847882,0.4394327035443708,0.6939047169635069,0.9613551043228151,30782.5,679.854899764061,0.8369148778523409,0
47.753654013961615,0.5858506670709848,0.75038557264333,0.9770892623960222,15176.0,501.3036036491394,0.7588667574576585,0
79.55302455927527,0.4851237597170754,0.7297121269215052,0.9708607760000386,99688.5,3787.690801501274,0.08731842364051129,0
96.30063745019919,0.3955181427399865,0.6406098001634808,0.967968479741179,27077.0,645.1858550310135,0.8174114825861039,0
113.91328242508388,0.44401517501247945,0.6376583003193486,0.9675172982596382,16520.0,619.6122587919235,0.5407293012865368,0
187.42315223238302,0.3762521352047511,0.6509496804164208,0.9847927581699689,59369.0,962.2051857709885,0.8058128923423057,0
76.5252015763608,0.5252980951758376,0.759123556162423,0.9842564071362294,226011.5,1803.765713095665,0.8729314627876121,0
298.78869047619054,0.5250911524487388,0.7012302277436028,0.9712182359596356,26191.5,616.8010779619217,0.8651272411849457,0
174.1439722808555,0.48257661751113196,0.683889850281665,0.9683052629518097,27169.5,620.2569216489792,0.8874589454509983,0
162.47908601092178,0.5167541572016988,0.7255249452100685,0.9743968017164863,74023.5,1026.589961886406,0.8826437553933114,0
111.82755737247982,0.4938210460149699,0.710209179726055,0.9787176307887175,33718.5,695.712765455246,0.8754234300898012,0
430.67925042854915,0.44382280649439154,0.6474791140939515,0.9671100940686252,34971.5,707.5117539167404,0.8779237665559677,0
136.3860366141998,0.42085931567311563,0.646844270402001,0.9723776012416727,37682.0,738.4406881332397,0.8683855188845209,0
57.346902110826,0.5661586113500593,0.7586415962869382,0.992795830341149,542135.0,2829.7627495527267,0.8507799753285813,0
166.92758505298383,0.7427014222118161,0.801279091456194,0.9578931276711232,8718.5,1640.912896990776,0.040689333779291695,0
276.66746411483257,0.47959538353667747,0.6230593993347184,0.9795716183545072,28859.0,646.1564160585403,0.8685919901141422,0
96.14362806143629,0.4013414759385741,0.6481485326741632,0.9686525174033238,32377.0,709.955403804779,0.8072059063261607,0
112.16519999999997,0.3341059637300717,0.62233544031539,0.9741493642972191,32261.5,1439.1483985185623,0.19574165799086113,0
215.26720542751676,0.34709355824799126,0.577445079056381,0.9645158057665326,30037.5,1255.3595142364502,0.2395175888087972,0
108.04586266939212,0.5717296520902606,0.7513171387341803,0.986153345328639,192569.0,1674.9646315574646,0.8625513461474377,0
108.067284236163,0.4675744615365523,0.668518424663244,0.9810243341164258,159236.5,1867.3981779813766,0.5738238907591516,0
88.35457259827008,0.6738539964107493,0.7704670455740973,0.9877061146155599,76384.0,1045.6610293388367,0.8778704208932696,0
94.78806126000696,0.6347385504775779,0.7828833228014087,0.9728338488030317,44287.5,801.7960243225098,0.8656916576286021,0
92.06798469387756,0.5125372138733162,0.6985069023368978,0.9856201646576221,66420.5,1098.1879403591156,0.6920837689563687,0
718.0408361204013,0.6195013646297055,0.8998696186978685,0.9761671959724139,13731.0,536.0,0.6005960225891269,0
92.06798469387756,0.5125372138733162,0.6985069023368978,0.9856201646576221,66420.5,1098.1879403591156,0.6920837689563687,0
55.860853886341616,0.5975574518456525,0.7947489205792259,0.9893383831192957,80790.0,1257.2245200872421,0.642305716006235,0
66.78346616997315,0.6211846379271797,0.8021875405986207,0.9875044639123068,221510.0,1798.2194678783417,0.860830826752282,0
76.32533711441634,0.5529496541393379,0.7715575252615331,0.9795694356538264,109603.0,1266.2295725345612,0.8590281610517044,0
145.49896881829662,0.605245685431615,0.7404589040587183,0.9795503112754911,87630.0,1121.2590107917786,0.8758924509916792,0
67.86045961851912,0.4139694097978506,0.6788846975255226,0.9793953656840736,84838.5,1715.113908290863,0.36242396540550337,0
67.1815873015873,0.5486863551330659,0.7238194044890937,0.9693891958692324,24614.0,590.5584363937378,0.886882946920873,0
59.01060614152204,0.713052665289281,0.8310393905918292,0.993312687660045,163988.0,2624.497808098793,0.299177896579546,0
78.34503968253969,0.5536832468351952,0.7793058814486669,0.9661335514463905,24772.0,592.2152906656265,0.8875885731772784,0
57.10858419614179,0.7156703432928321,0.8086918371752504,0.9858847956058994,13564.0,451.7888853549957,0.8350770728036991,0
132.3208333333333,0.5561707251693487,0.7014716435488424,0.9686308028579579,24613.5,595.9726511240005,0.87082437507901,0
96.14362806143629,0.4013414759385741,0.6481485326741632,0.9686525174033238,32377.0,709.955403804779,0.8072059063261607,0
50.10563199638832,0.5757274446736114,0.811295871948498,0.9812023823472125,95618.5,1166.1879423856735,0.8835165659147233,0
241.07722606827406,0.4136288135522581,0.6063142454875222,0.963276514199984,34085.0,690.5828249454498,0.8981349900228122,0
108.04586266939212,0.5717296520902606,0.7513171387341803,0.986153345328639,192569.0,1674.9646315574646,0.8625513461474377,0
79.72313862083567,0.7031019381352333,0.8275259491450635,0.9826749870432814,90163.0,1137.0579982995987,0.8763407010962031,0
35.82417715926663,0.5658112156940944,0.7908085277242631,0.9883995608772113,113623.5,2006.344355583191,0.35470481014023325,0
72.56604327099376,0.7849577173479807,0.8654098006979565,0.9921216991767458,599019.0,2934.213536977768,0.8743131875776853,0
68.6782816229117,0.6288340169502661,0.794655212690918,0.98705177661244,40512.5,1134.1879410743713,0.39575722954370135,0
56.920718084804776,0.5953956408946013,0.7822022596160678,0.9879819841351227,66750.5,1163.952437877655,0.6191472077067016,0
142.72169132347062,0.37241719690962954,0.7152067224734677,0.9450585285514848,34495.5,703.5117542743683,0.8758497135053717,0
213.2338095238095,0.5639338577318455,0.749103144479993,0.9628254691802547,24381.5,592.457932472229,0.8728814164274337,0
32.577828248416495,0.5764585866247216,0.7847675045636151,0.9876626015047442,193007.0,1661.0478929281235,0.879060195055309,0
290.191939277833,0.4404470024670237,0.6437843958717503,0.9622057151268081,57215.5,910.7077136039734,0.8668930706677159,0
92.07845041367656,0.5784992177872568,0.7836492648869664,0.9840170478043792,189090.0,1658.3372180461884,0.864037776113789,0
131.03955428325173,0.6139872085530256,0.7960845236555538,0.9819233477172463,88425.5,1124.8742340803146,0.8781717254621066,0
100.9707005644358,0.6601715891261837,0.7892891725520478,0.9858150048733909,233868.5,1836.2854840755463,0.8715678302121561,0
107.11036066010115,0.4931592087955565,0.7200176006010873,0.9750423677149002,111225.5,1265.3838987350464,0.8729103094474211,0
118.39020456213304,0.5872783119406969,0.7868100341098333,0.9821153419243603,126408.5,1349.8691821098328,0.8717717212054632,0
201.64824970529443,0.4847892432557421,0.6887710996083087,0.9810202946982493,17270.5,533.1442222595215,0.7635286906705043,1
426.97380328441653,0.3717971022448526,0.6283799415166328,0.9656246160905462,114162.0,1354.0,0.7825175812988442,1
95.14570774053533,0.3873672205454232,0.660517649081159,0.9762539240299181,65459.0,977.7199033498764,0.8604988972601533,1
169.70264970536707,0.45933104337550945,0.7403964017974258,0.9674789486554425,100165.0,1268.0,0.7828658563296024,1
89.70089387290754,0.39314681721909367,0.6621058981205019,0.9876159505229488,211279.0,5219.300096154213,0.09746342295854285,1
161.89000185766383,0.3828660245236299,0.7045552912350594,0.9878150025289352,536512.5,8639.143132209778,0.09033340279500343,1
285.40366173184805,0.7547257012236667,0.8327550550382373,0.9801051561893884,77290.5,8137.57547557354,0.014667156349545747,1
528.2685318029651,0.482613180732004,0.6340404779190476,0.9640532994197134,30497.0,669.4701232910156,0.8550757363957053,1
203.0666375355036,0.31612088664825866,0.6245336409481321,0.9742793105001121,35756.5,792.7665868997574,0.7149475639316626,1
85.98346532534245,0.5846916440896506,0.7518082900243408,0.9869691281344471,117008.5,1293.727047920227,0.8785003925150497,1
111.79309546313802,0.6342017287047719,0.7819245961838591,0.9889640970954612,667033.5,3469.2400110960007,0.6964481943759997,1
777.6673779339777,0.4759623698910271,0.6615893328223492,0.9483366537637726,71446.0,1070.0,0.7841880643842304,1
184.43782898981868,0.36135532568289597,0.6466761541332067,0.9801748461181929,112456.5,1262.815356373787,0.8861652545532107,1
649.2833242221311,0.27988111987398834,0.5415148436717616,0.955010559076656,49690.5,1359.8103048801422,0.33769651188120137,1
366.6605124940316,0.4988305606626597,0.6878162792076844,0.9722837952903809,77206.5,1072.330078959465,0.8437363361678676,1
632.1267102462756,0.6482154376776944,0.7353808863236202,0.9473437894364797,48659.5,869.1929944753647,0.8093662140759218,1
185.4930683184716,0.5913077791692319,0.768173150328712,0.9730055484110423,19315.5,531.3452355861664,0.8597303082579815,1
230.89989894016742,0.49609002416872094,0.6623546135231677,0.9798531692416101,44621.5,798.8254646062851,0.8787194272740653,1
176.092277251469,0.46422019968120803,0.6477205389363727,0.9810781905994109,33419.0,1583.5087890625,0.16747977081519178,1
296.94414746543777,0.44080657597386086,0.6180160733701825,0.9710883377348855,36393.5,748.9087224006653,0.8154097698080985,1
301.2703617021276,0.36188746385916093,0.626618335097001,0.9722992792107131,139477.0,1422.2539561986923,0.8664792374742807,1
205.05911961197037,0.8454649859876329,0.8843868411614735,0.9664648955498283,4468.0,490.5584363937378,0.23331439284630062,1
351.48952265126184,0.31584576090159344,0.5940473161841366,0.9723364020955515,61961.0,952.264063000679,0.8586446974275224,1
363.9754398148148,0.35706437386867207,0.6064178631896426,0.9715400015471078,61567.5,941.7371500730515,0.8723725207240413,1
400.22845979100407,0.49219929484581826,0.6829804153678314,0.9707949965437922,77129.5,1071.5016518831253,0.8441987217248543,1
1023.9772727272727,0.4163611969302785,0.6083840945621573,0.9437900170624003,75221.5,2721.0693118572235,0.12766523374160002,1
666.3189890920265,0.30301692434764005,0.5456290024480575,0.9335314113366647,54509.0,1628.09754216671,0.2584147133191022,1
422.5187531936637,0.4648271509354742,0.6599679855562346,0.9641132059537316,87974.0,1147.6021567583084,0.8394242114759011,1
413.0796247473007,0.498252353234128,0.6619667639210094,0.9734721807413974,65152.0,979.719903588295,0.8529699942355151,1
156.33723519936734,0.31080629335002297,0.6411183906413196,0.9814759349792748,139625.5,1402.0113153457642,0.8926301831526527,1
320.1937918774785,0.767047020016735,0.8213040070759072,0.9733774034953216,75981.0,1062.9747377634048,0.845023880516267,1
174.87165481270745,0.42956079365315086,0.6247285295324232,0.9758969746673517,58174.5,2940.632803440094,0.08453974395529926,1
153.1666176326371,0.3350825436837039,0.6611389554180704,0.9705696827989446,49457.0,848.6660839319229,0.8629068971828814,1
207.0478404892343,0.4298341185939421,0.6146905344229636,0.9785453093231856,69023.0,995.9209169149399,0.8744882689878244,1
333.0946234145246,0.3897517452887743,0.6083416661440653,0.9639310183084336,75346.0,1040.2051879167557,0.8750483180824142,1
426.8355413105413,0.4712277327967182,0.6492770702790244,0.9675813839017341,55351.0,1852.552506685257,0.20267224748585622,1
70.46707051879467,0.5176969525800359,0.7322855815835263,0.9806331257893803,43424.0,1217.4844027757645,0.368139889541696,1
148.8436400201106,0.4282941706856973,0.6452500738932879,0.9798388714879455,49330.5,1006.388951420784,0.6120595249739819,1
111.79309546313802,0.6342017287047719,0.7819245961838591,0.9889640970954612,667033.5,3469.2400110960007,0.6964481943759997,1
163.00035292456823,0.3840119425448969,0.6153230357071027,0.9758196045912847,55518.0,889.636646270752,0.8814919449746267,1
137.9366965417346,0.3539749602461096,0.7308601818088922,0.9751453853000372,61801.5,943.4772658348083,0.8724609555941327,1
169.40894359706243,0.4479419149567559,0.6875575539777252,0.9678627021666099,44894.0,812.0386656522751,0.8555487250879137,1
313.2260404734631,0.35642940768144965,0.619143436073827,0.9750829233085488,50561.5,848.2224316596985,0.8831008582094473,1
869.9280442804427,0.6838464373422067,0.8471916242989592,0.9633149389729684,88907.5,1646.1391707658768,0.41230173641739876,1
216.9887786259542,0.4829727891285608,0.6674197549656657,0.9784994856952672,45718.5,815.3940043449402,0.8641055798622671,1
351.48952265126184,0.31584576090159344,0.5940473161841366,0.9723364020955515,61961.0,952.264063000679,0.8586446974275224,1
363.9754398148148,0.35706437386867207,0.6064178631896426,0.9715400015471078,61567.5,941.7371500730515,0.8723725207240413,1
192.23786734246306,0.4062001299855082,0.6742439233730277,0.9663083133572518,75648.0,1049.8620413541794,0.8624677152507718,1
202.44909157419823,0.4348601248503099,0.6622331487026158,0.9724869792242696,56665.5,899.3351308107376,0.8804110241435479,1
470.11048938756977,0.8123506494042856,0.8691217861085474,0.9651772166759218,28472.0,3598.168940782547,0.02763533529412822,1
422.5187531936637,0.4648271509354742,0.6599679855562346,0.9641132059537316,87974.0,1147.6021567583084,0.8394242114759011,1
91.0780151683315,0.34386282254147155,0.7055934971023488,0.9747639048637371,61195.5,935.3351300954819,0.8790121115561464,1
205.7131552822569,0.34175791844943026,0.6208804856886114,0.9749709792535772,78632.0,1063.460021495819,0.8737090812159463,1
394.24689460091014,0.8122814876651941,0.8678238776830608,0.9326746500437898,2985.5,270.8355667591095,0.5114645606985644,1
316.1844097625768,0.474873610169891,0.6792048711248284,0.9735272081389128,71788.0,1015.8620404005051,0.8741626635833766,1
112.95750156936597,0.38022908158522756,0.7022231013440879,0.984473732228363,91124.5,1489.4326689243317,0.516182494071773,1
142.9208716513395,0.4048437947871971,0.6152706587841311,0.9697506688313394,27730.0,1274.396093249321,0.21456104254253444,1
100.80873839107126,0.6451414420243076,0.8254659591655807,0.9862501894052312,394709.0,2377.831726670265,0.8772525884189686,1
99.26722126025746,0.4829399440980617,0.7284635008764022,0.9786204759296698,44295.5,1175.3838993310928,0.40291181013518423,1
242.2583849329205,0.32913333995127186,0.6128865876288649,0.9523602262282838,51142.0,1269.508787870407,0.39876418833755695,1
167.66921002936328,0.42547558715756073,0.6605236029082339,0.9679830836288023,60872.5,953.4772622585297,0.8414151371578089,1
106.16727941176471,0.541832529639224,0.7641038743671373,0.9674771720854736,36707.0,726.9259680509567,0.8729279291417855,1
151.02061642548392,0.37800773006074134,0.6830390335198522,0.9705422038181766,78505.0,1052.9747401475906,0.8897567183549189,1
239.1129807692308,0.4729976601843818,0.6714608495006393,0.9689340034803419,27020.0,619.6711354255676,0.8842451262217137,1
173.29417015341704,0.4201642925263638,0.6406978451475484,0.9775257427886169,37677.0,1373.9108086824417,0.25082400541079486,1
350.22496559701636,0.4410920630772641,0.6262954303331495,0.974232516995785,24596.0,630.6416974067688,0.7771573942097906,1
373.69580564038085,0.6713567937801609,0.7595902637875054,0.9691854994829611,29496.5,3523.7841614484787,0.029851197107919836,1
79.3743988703425,0.4156809756582828,0.7037492688452539,0.9738735125642717,48666.5,832.9087237119675,0.881546359214091,1
32.03739575696481,0.5202648520081117,0.7827455305197807,0.9922667582998396,596946.0,3048.0369119644165,0.8074292281179187,1
132.99144637778147,0.33262936074122545,0.6347693294422299,0.9588368233676434,56348.5,1141.844796180725,0.5430978326347898,1
127.65010423518135,0.37352428661049725,0.6727184829508364,0.9810459646595967,63266.5,946.849847316742,0.8867913461456394,1
167.79211535890235,0.7946998759286993,0.8668677416929446,0.9842274656136739,17835.5,842.1635551452637,0.31601104810237457,1
137.3090120213359,0.8511781889274139,0.8944381364939306,0.9791011140792809,5701.0,413.6467492580414,0.41869875901788856,1
119.25270393693218,0.4707702548851215,0.7208297688243656,0.9712866276516482,71254.0,1020.2051870822906,0.8602883838970916,1
183.27510001676933,0.3925218049957525,0.6110762489231408,0.9721113269493219,45263.0,838.6660822629929,0.8086769053783108,1
147.87123015873016,0.5639377708450486,0.7317404974920643,0.9830766922359223,38828.0,1902.6946408748627,0.13477728237200057,1
178.71912654994227,0.4263680729992401,0.6403155233510684,0.9754767759769919,52977.0,874.9503545761108,0.8696217680860103,1
86.98606456499103,0.38453938639360336,0.6855019772146088,0.9879704888460653,210635.5,1747.515929698944,0.866760567754852,1
176.8142788615286,0.30397706676492076,0.5965743591057413,0.9732303713397598,32351.5,756.5655752420425,0.7102498211323646,1
123.20059375420227,0.501483660475937,0.6685546481701228,0.9762077909930446,34904.0,828.4061952829361,0.6391435164493238,1
168.8788464604592,0.6511672194257174,0.7488424330869452,0.9601776137456854,19559.0,1933.523066520691,0.06574425308427925,1
125.12369381845652,0.4666094333430202,0.712772032183701,0.9812400666824228,47271.0,1041.4600194692612,0.5476706264133998,1
181.40047808764942,0.28730707963812924,0.6501615869145987,0.9625324769684697,40130.0,931.9209151268005,0.5806586583565071,1
92.08116360139441,0.3734210505012959,0.7047465300303402,0.9787038582643587,56349.0,893.7199066877365,0.886529546042544,1
118.22846996753246,0.4671279257960507,0.6997534065484389,0.9818997192935452,49041.5,1041.4183905124664,0.5682286459443967,1
51.957662927350434,0.42178576716397254,0.6987878409553153,0.9886417962328021,533356.0,2825.301847100258,0.839648163218762,1
147.0213176577162,0.40919464261656535,0.6742977544801607,0.9704436397612929,55727.0,942.891478061676,0.7876841504867517,1
79.30000668538577,0.8432166690056658,0.8837109564335625,0.9799027591204719,10408.5,505.28635811805725,0.5122982404195401,1
72.84157869421028,0.4707239002341855,0.741022571017124,0.9867425026309757,249641.5,1882.3687468767166,0.8853545840392376,1
78.39246978070507,0.48821839834836905,0.7881635652198741,0.9902780748740625,229611.5,1827.3737921714783,0.8640695795921813,1
57.53460519342872,0.5534093011625114,0.7425666411567339,0.990951554797341,157302.5,1620.202221751213,0.7530209208250677,1
71.00478461654932,0.6797677404731075,0.8102514751131906,0.9892567505198416,135057.0,1473.8763200044632,0.781276713298319,1
68.57245336551695,0.3788587731873286,0.6446410165160616,0.9854778179276895,131160.5,1473.6925565004349,0.7589255040233356,1
105.85846153846153,0.3445524042501196,0.6950493841717681,0.975942646828955,69768.5,995.5605225563049,0.8845734822278462,1
109.11780455153949,0.3275487151532459,0.7329752501427923,0.9626124684278721,51650.5,858.7077121734619,0.8802249354523954,1
122.74248648648646,0.9082143617799802,0.9255750315594851,0.9742598516517683,192210.5,1653.8590745925903,0.8830595088150124,1
85.98346532534245,0.5846916440896506,0.7518082900243408,0.9869691281344471,117008.5,1293.727047920227,0.8785003925150497,1
422.5187531936637,0.4648271509354742,0.6599679855562346,0.9641132059537316,87974.0,1147.6021567583084,0.8394242114759011,1
98.62914099094151,0.6128560202062443,0.7735745823373757,0.9832438186637266,61182.0,1427.7341830730438,0.3771714561889913,1
255.61470374658992,0.3811895035738456,0.5961439070576522,0.9798863968706067,33251.0,689.8132696151733,0.8781151824497531,1
426.97380328441653,0.3717971022448526,0.6283799415166328,0.9656246160905462,114162.0,1354.0,0.7825175812988442,1
105.85846153846153,0.3445524042501196,0.6950493841717681,0.975942646828955,69768.5,995.5605225563049,0.8845734822278462,1
205.8669830093372,0.37092571510474137,0.6267011923843848,0.9693412404288345,46843.5,835.8792845010757,0.8425042031140872,1
123.52670634920635,0.5223965424441801,0.7148904031516666,0.9804262896823523,21321.0,592.4995629787445,0.7632052786693503,1
310.47861666292386,0.41113237699903404,0.6404686152955515,0.9629837036515728,76960.5,1634.1879420280457,0.3621377018471137,1
71.47805883174789,0.4335718943432456,0.7100902895911944,0.9933744534157084,1202535.0,4169.6390689611435,0.8691818777644333,1
224.68815506101942,0.4349425248612958,0.6619423081316588,0.9614775076373433,26964.5,621.5706298351288,0.8770437645751562,1
146.79805698955326,0.481689625598115,0.7073581087545135,0.9694570304186659,61269.5,941.5361404418945,0.8685207735407686,1
159.75141987829616,0.433756491501562,0.700411570053403,0.9674024642446016,67097.5,986.6488374471664,0.86614576454063,1
163.42552507665073,0.7522747713350081,0.8450604833089385,0.9827931399525669,98111.5,4549.812725543976,0.05955836095421785,1
468.03344960042386,0.4463870310850556,0.6833333167147773,0.9620313402234124,71029.5,1963.4814386367798,0.23152346917133346,1
166.79864881167813,0.3681082062183038,0.6056263272380148,0.9751222794989516,55524.5,890.2224311828613,0.8804353150597819,1
64.05885350318471,0.543832012463452,0.7468038807259563,0.9819874177969561,43509.0,1208.1706963777542,0.3745694643203362,1
61.53050680662621,0.3199655491327479,0.6562830886692308,0.9902736474588292,683944.0,3178.0672261714935,0.8509504037363772,1
42.546338948897585,0.45824854225384704,0.7664630928306384,0.9897244403063904,510504.0,2708.6500490903854,0.874386040586501,1
101.68870012562063,0.4644007390398599,0.6874064515800874,0.976140813568844,27789.0,630.641695857048,0.8780463056528194,1
105.85846153846153,0.3445524042501196,0.6950493841717681,0.975942646828955,69768.5,995.5605225563049,0.8845734822278462,1
177.49308979102608,0.7923464986613485,0.8470561821612859,0.9844989601760532,235726.0,1894.9545285701752,0.8249350657089256,1
354.3105000996215,0.4576644920253371,0.6351756523425429,0.9628025945913381,31771.5,678.0559120178223,0.8683935106125803,1
122.6429242623567,0.48517478738565184,0.7063717221256929,0.9896260224463296,50846.0,874.2640604972839,0.8359521245180683,1
661.5528265107213,0.6482982505233226,0.7334174857793373,0.9429821881809606,36612.0,746.8670938014984,0.8247962298774005,1
42.62029803884814,0.45831484896277286,0.7670771743857002,0.9897081995128718,510510.0,2708.650047183037,0.8743963185567067,1
203.63565426170467,0.4182417778744947,0.6049557844153355,0.9699374342564129,26797.5,1327.0996277332306,0.19120405081307168,1
106.17094907407407,0.4681600819338401,0.684294201525775,0.9859874470311526,108532.0,1594.56261241436,0.5363947470908734,1
109.11780455153949,0.3275487151532459,0.7329752501427923,0.9626124684278721,51650.5,858.7077121734619,0.8802249354523954,1
274.95469216493177,0.36672802034035834,0.5852354678501693,0.9783401206107851,33227.0,689.813269495964,0.8774813743148288,1
77.84127895060463,0.5286015676516497,0.7404793629560245,0.9903398991138691,44059.0,821.0092276334763,0.8213881311977195,1
216.41811399462517,0.6458535606085848,0.7377357353820494,0.9667693467979561,22241.5,569.6295045614243,0.8613684995873988,1
86.98606456499103,0.38453938639360336,0.6855019772146088,0.9879704888460653,210635.5,1747.515929698944,0.866760567754852,1
163.72884624429707,0.38217724602453096,0.6430049487745229,0.9733141018765347,95158.5,1610.6042417287827,0.4609775490816917,1
105.85846153846153,0.3445524042501196,0.6950493841717681,0.975942646828955,69768.5,995.5605225563049,0.8845734822278462,1
133.77698345008673,0.47545399387354254,0.6744681161931895,0.9817977313042516,49360.0,1006.1463115215302,0.6127209588977516,1
352.28339565157177,0.4066590963225818,0.6054847635305582,0.9703603248897321,48808.0,841.0092282295227,0.8671602332212093,1
177.49308979102608,0.7923464986613485,0.8470561821612859,0.9844989601760532,235726.0,1894.9545285701752,0.8249350657089256,1
276.7553940648413,0.2806425745390543,0.5838314039644465,0.9732550201464785,67134.0,1007.8620423078537,0.8305202187553355,1
126.62304607157549,0.38052421076884024,0.6835056135906684,0.9820265451560102,103375.0,1222.0285620689392,0.8698866648977855,1
85.50719584640021,0.4161030638815715,0.69425911217257,0.9789019949934351,65323.5,971.9625470638275,0.8689209114922588,1
246.9823107569721,0.4453050332900467,0.6498530410105433,0.959967328828858,31366.5,676.9432122707367,0.8601445645389632,1
156.33723519936734,0.31080629335002297,0.6411183906413196,0.9814759349792748,139625.5,1402.0113153457642,0.8926301831526527,1
98.65124292148971,0.6128458510059738,0.773530828675332,0.98324046578502,61181.0,1427.7341830730438,0.3771652914435402,1
296.1950308089843,0.4515236944814877,0.69770801361991,0.9622191736749856,32966.5,686.0559115409851,0.8801641666213497,1
269.4266865969108,0.41298509760598473,0.6865688692197713,0.9649534916938496,31528.0,666.6416983604431,0.8914999751240473,1
632.9567366789589,0.5072637948648975,0.6753564138044215,0.9626116340576036,52250.0,871.6366443634033,0.864221763103714,1
203.77330521876647,0.791744828050853,0.8563583041499213,0.9696498527739855,11082.5,541.9137760400772,0.4742280312478381,1
387.146925990676,0.9144242864598,0.9668537078493886,0.9523539269692215,68400.0,1050.0,0.779627891176569,1
50.456794609735795,0.5810977955341651,0.7655796940312839,0.9909602255057803,200962.0,1706.101717710495,0.8675888617091929,1
142.47500305772996,0.6092445220383528,0.741305655206591,0.9854477974128348,119181.0,1319.3666543960571,0.8603712348760539,1
75.63020784198113,0.45117089686251133,0.7032431662478897,0.9947778832063884,911898.5,3685.382147192955,0.8437063348615768,1
131.49222797927462,0.3412115126928181,0.6804597412657273,0.9583612389597387,35312.0,714.5828241109848,0.8690145210413774,1
173.5504881450488,0.4201932602623698,0.6411713581854365,0.9774877852823435,37673.5,1373.325021982193,0.25101470700188416,1
78.40130952380954,0.5513663171082674,0.7313062554779826,0.9797370528208651,24191.5,594.1147855520248,0.8612553653216424,1
44.792270233009766,0.5217924734380702,0.7796625749993039,0.9882713188378848,504306.5,2694.868303537369,0.8726283879048908,1
225.2471493165636,0.5540256126178764,0.7203861492738879,0.975898144842897,60129.5,2693.9869302511215,0.10411336604391071,1
90.8002927103856,0.4108814435121521,0.6691754905514119,0.9795407077906367,57075.5,900.5067019462585,0.8844752608748443,1
472.33535967578524,0.6880425450996961,0.767293439232569,0.924918451123752,5963.5,2689.398180961609,0.010360980921977578,1
